model,L,tau,tau_nh,E_vector,E_magnitude
REG,64,0.500075,1,0.101516,0.0879096
ERLBM065,64,0.500075,0.65,0.123854,0.0992658
ERLBM075,64,0.500075,0.75,0.095003,0.0821485
REG,128,0.50015,1,0.0550667,0.0421278
ERLBM065,128,0.50015,0.65,0.0620268,0.0452353
ERLBM075,128,0.50015,0.75,0.0554877,0.0400432
REG,256,0.5003,1,0.0120805,0.0102698
ERLBM065,256,0.5003,0.65,0.0132506,0.0107141
ERLBM075,256,0.5003,0.75,0.0131691,0.0107526
REG,512,0.5006,1,0.00298602,0.00262709
ERLBM065,512,0.5006,0.65,0.0029025,0.0024834
ERLBM075,512,0.5006,0.75,0.00293635,0.0025292
REG,1024,0.5012,1,0.000568676,0.000494492
ERLBM065,1024,0.5012,0.65,0.000555135,0.000477688
ERLBM075,1024,0.5012,0.75,0.000558939,0.000481988
