model,init,L,tau,tau_nh,U0,steps,E_vector,E_magnitude,rel_visc_error
BGK,eq,64,0.505,0.505,0.001,31126,0.00160559,0.00160559,0.00160688
BGK,neq,64,0.505,0.505,0.001,31126,6.77492e-07,6.77256e-07,6.59916e-07
REG,eq,64,0.505,1,0.001,31126,0.00159769,0.00159769,0.00159896
REG,neq,64,0.505,1,0.001,31126,7.24169e-06,7.24167e-06,-7.2396e-06
ERLBM065,eq,64,0.505,0.65,0.001,31126,0.00160328,0.00160328,0.00160456
ERLBM065,neq,64,0.505,0.65,0.001,31126,1.66147e-06,1.6614e-06,-1.65391e-06
BGK,eq,64,0.51,0.51,0.001,15563,0.00160535,0.00160535,0.00160663
BGK,neq,64,0.51,0.51,0.001,15563,1.04727e-06,9.53319e-07,9.00748e-07
REG,eq,64,0.51,1,0.001,15563,0.00158963,0.00158963,0.00159089
REG,neq,64,0.51,1,0.001,15563,1.48256e-05,1.4819e-05,-1.48158e-05
ERLBM065,eq,64,0.51,0.65,0.001,15563,0.00160086,0.00160086,0.00160214
ERLBM065,neq,64,0.51,0.65,0.001,15563,3.62921e-06,3.60286e-06,-3.58966e-06
BGK,eq,64,0.52,0.52,0.001,7781,0.00160439,0.00160439,0.00160578
BGK,neq,64,0.52,0.52,0.001,7781,1.92754e-06,1.88561e-06,1.86424e-06
REG,eq,64,0.52,1,0.001,7781,0.00157356,0.00157356,0.0015749
REG,neq,64,0.52,1,0.001,7781,2.89677e-05,2.89647e-05,-2.89648e-05
ERLBM065,eq,64,0.52,0.65,0.001,7781,0.00159604,0.00159604,0.00159741
ERLBM065,neq,64,0.52,0.65,0.001,7781,6.50357e-06,6.49105e-06,-6.48543e-06
BGK,eq,64,0.535,0.535,0.001,4447,0.00160175,0.00160175,0.00160288
BGK,neq,64,0.535,0.535,0.001,4447,4.53056e-06,4.52069e-06,4.51326e-06
REG,eq,64,0.535,1,0.001,4447,0.00154947,0.00154947,0.00155051
REG,neq,64,0.535,1,0.001,4447,4.77727e-05,4.77717e-05,-4.77652e-05
ERLBM065,eq,64,0.535,0.65,0.001,4447,0.00158882,0.00158882,0.00158993
ERLBM065,neq,64,0.535,0.65,0.001,4447,8.42619e-06,8.42079e-06,-8.41629e-06
BGK,eq,64,0.55,0.55,0.001,3113,0.00159768,0.00159768,0.00159874
BGK,neq,64,0.55,0.55,0.001,3113,8.61409e-06,8.61128e-06,8.6074e-06
REG,eq,64,0.55,1,0.001,3113,0.00152539,0.00152539,0.00152635
REG,neq,64,0.55,1,0.001,3113,6.36822e-05,6.36818e-05,-6.3671e-05
ERLBM065,eq,64,0.55,0.65,0.001,3113,0.00158161,0.00158161,0.00158265
ERLBM065,neq,64,0.55,0.65,0.001,3113,7.46279e-06,7.45946e-06,-7.45535e-06
BGK,eq,64,0.575,0.575,0.001,2075,0.00158768,0.00158768,0.00158898
BGK,neq,64,0.575,0.575,0.001,2075,1.89574e-05,1.87115e-05,1.86425e-05
REG,eq,64,0.575,1,0.001,2075,0.00148528,0.00148528,0.00148642
REG,neq,64,0.575,1,0.001,2075,8.38266e-05,8.37713e-05,-8.37546e-05
ERLBM065,eq,64,0.575,0.65,0.001,2075,0.00156961,0.00156961,0.00157088
ERLBM065,neq,64,0.575,0.65,0.001,2075,3.49174e-06,1.71105e-06,5.70891e-07
BGK,eq,64,0.6,0.6,0.001,1556,0.00157367,0.00157367,0.00157521
BGK,neq,64,0.6,0.6,0.001,1556,3.26854e-05,3.26853e-05,3.26916e-05
REG,eq,64,0.6,1,0.001,1556,0.00144519,0.00144519,0.00144651
REG,neq,64,0.6,1,0.001,1556,9.57954e-05,9.57953e-05,-9.58087e-05
ERLBM065,eq,64,0.6,0.65,0.001,1556,0.00155761,0.00155761,0.00155912
ERLBM065,neq,64,0.6,0.65,0.001,1556,1.6625e-05,1.66247e-05,1.66273e-05
BGK,eq,64,0.625,0.625,0.001,1245,0.00155569,0.00155568,0.00155693
BGK,neq,64,0.625,0.625,0.001,1245,5.11229e-05,5.08352e-05,5.07553e-05
REG,eq,64,0.625,1,0.001,1245,0.0014051,0.00140509,0.00140612
REG,neq,64,0.625,1,0.001,1245,0.000100025,9.98784e-05,-9.9834e-05
ERLBM065,eq,64,0.625,0.65,0.001,1245,0.00154565,0.00154564,0.00154688
ERLBM065,neq,64,0.625,0.65,0.001,1245,4.11733e-05,4.08156e-05,4.07146e-05
BGK,eq,64,0.65,0.65,0.001,1038,0.00153371,0.00153371,0.00153419
BGK,neq,64,0.65,0.65,0.001,1038,7.30225e-05,7.28994e-05,7.28325e-05
REG,eq,64,0.65,1,0.001,1038,0.00136497,0.00136497,0.00136528
REG,neq,64,0.65,1,0.001,1038,9.6002e-05,9.59079e-05,-9.58324e-05
ERLBM065,eq,64,0.65,0.65,0.001,1038,0.00153371,0.00153371,0.00153419
ERLBM065,neq,64,0.65,0.65,0.001,1038,7.30225e-05,7.28994e-05,7.28325e-05
BGK,eq,64,0.7,0.7,0.001,778,0.00147763,0.00147763,0.001479
BGK,neq,64,0.7,0.7,0.001,778,0.000129006,0.000129006,0.000129039
REG,eq,64,0.7,1,0.001,778,0.0012849,0.0012849,0.00128596
REG,neq,64,0.7,1,0.001,778,6.37291e-05,6.37291e-05,-6.37389e-05
ERLBM065,eq,64,0.7,0.65,0.001,778,0.00150976,0.00150976,0.00151118
ERLBM065,neq,64,0.7,0.65,0.001,778,0.000161132,0.000161132,0.000161176
BGK,eq,64,0.75,0.75,0.001,623,0.00140576,0.00140575,0.00140565
BGK,neq,64,0.75,0.75,0.001,623,0.000201523,0.000201464,0.000201312
REG,eq,64,0.75,1,0.001,623,0.00120479,0.00120478,0.00120457
REG,neq,64,0.75,1,0.001,623,5.52313e-06,2.65849e-06,4.74038e-07
ERLBM065,eq,64,0.75,0.65,0.001,623,0.00148616,0.00148615,0.0014861
ERLBM065,neq,64,0.75,0.65,0.001,623,0.000281902,0.00028186,0.00028167
BGK,eq,64,0.8,0.8,0.001,519,0.00131766,0.00131762,0.00131787
BGK,neq,64,0.8,0.8,0.001,519,0.00029001,0.000289808,0.000289659
REG,eq,64,0.8,1,0.001,519,0.00112478,0.00112473,0.00112483
REG,neq,64,0.8,1,0.001,519,9.76364e-05,9.7033e-05,9.68193e-05
ERLBM065,eq,64,0.8,0.65,0.001,519,0.00146235,0.00146231,0.0014627
ERLBM065,neq,64,0.8,0.65,0.001,519,0.000434615,0.000434481,0.000434338
BGK,eq,64,0.9,0.9,0.001,389,0.00109281,0.00109281,0.00109361
BGK,neq,64,0.9,0.9,0.001,389,0.000514383,0.000514383,0.000514612
REG,eq,64,0.9,1,0.001,389,0.000964267,0.000964267,0.000964914
REG,neq,64,0.9,1,0.001,389,0.000385839,0.000385839,0.000385986
ERLBM065,eq,64,0.9,0.65,0.001,389,0.00141424,0.00141424,0.00141551
ERLBM065,neq,64,0.9,0.65,0.001,389,0.000835816,0.000835816,0.000836323
BGK,eq,64,1,1,0.001,311,0.000803322,0.000803069,0.000803986
BGK,neq,64,1,1,0.001,311,0.000803322,0.000803069,0.000803986
REG,eq,64,1,1,0.001,311,0.000803322,0.000803069,0.000803986
REG,neq,64,1,1,0.001,311,0.000803322,0.000803069,0.000803986
ERLBM065,eq,64,1,0.65,0.001,311,0.00136556,0.00136541,0.00136744
ERLBM065,neq,64,1,0.65,0.001,311,0.00136556,0.00136541,0.00136744
BGK,eq,64,1.1,1.1,0.001,259,0.000448244,0.000447778,0.0004484
BGK,neq,64,1.1,1.1,0.001,259,0.00115575,0.00115557,0.00115789
REG,eq,64,1.1,1,0.001,259,0.000640781,0.000640455,0.000641509
REG,neq,64,1.1,1,0.001,259,0.00134843,0.00134828,0.00135114
ERLBM065,eq,64,1.1,0.65,0.001,259,0.00131539,0.00131523,0.00131799
ERLBM065,neq,64,1.1,0.65,0.001,259,0.00202319,0.00202309,0.0020281
BGK,eq,64,1.2,1.2,0.001,222,2.71543e-05,2.71536e-05,2.7192e-05
BGK,neq,64,1.2,1.2,0.001,222,0.00157291,0.00157291,0.00157648
REG,eq,64,1.2,1,0.001,222,0.000477068,0.000477068,0.000477886
REG,neq,64,1.2,1,0.001,222,0.00202284,0.00202284,0.00202787
ERLBM065,eq,64,1.2,0.65,0.001,222,0.00126493,0.00126493,0.0012676
ERLBM065,neq,64,1.2,0.65,0.001,222,0.00281071,0.00281071,0.00281882
